date,open,high,low,close,volume
2014-01-02,92.7487,93.2992,91.4402,91.7741,1112627
2014-01-03,91.9636,92.1802,91.35,91.5395,1120803
2014-01-06,92.4238,92.5141,90.9078,91.2236,1304119
2014-01-07,91.1514,91.4673,90.3934,90.4837,2214115
2014-01-08,90.3393,90.5649,88.9135,89.3647,2781675
2014-01-09,89.6264,89.7527,88.5706,89.2474,2096999
2014-01-10,89.5091,89.5813,88.2999,89.0398,2760927
2014-01-13,89.3123,89.6211,87.8319,88.0226,2459211
2014-01-14,87.9772,89.0489,87.8501,88.731,1878323
2014-01-15,89.1307,89.5575,88.6947,88.9944,1583856
2014-01-16,88.8128,89.1488,88.2315,88.3678,1564859
2014-01-17,88.3859,88.7492,87.9455,88.1861,4253729
2014-01-21,88.3496,88.6039,87.1962,87.5231,2648993
2014-01-22,87.7411,88.0862,87.1599,87.1962,1615515
2014-01-23,87.4051,87.4051,85.3798,85.5342,2879508
2014-01-24,85.5342,85.5342,83.7269,83.7269,2533893
2014-01-27,83.5725,85.1891,83.5552,84.5079,3022482
2014-01-28,84.6351,86.1427,84.5624,85.8884,2606993
2014-01-29,85.2708,85.8521,84.3626,85.398,3466743
2014-01-30,85.952,86.6149,85.407,86.4061,2339284
2014-01-31,85.1346,85.7794,84.9348,85.1981,2871441
2014-02-03,84.8621,85.2617,83.7904,84.0992,3813727
2014-02-04,84.6532,85.0347,84.0901,84.3172,2569013
2014-02-05,84.0447,84.9782,84.0266,84.6896,2561308
2014-02-06,84.8167,85.5433,84.4898,84.9075,2986496
2014-02-07,85.4434,85.961,85.0528,85.9156,2136765
2014-02-10,85.5433,86.3062,85.3071,86.3062,1712534
2014-02-11,86.5786,87.9591,86.4787,87.9227,2353891
2014-02-12,87.3687,87.6957,86.842,86.9237,1676836
2014-02-13,86.2789,87.3687,86.2335,87.3143,1339866
2014-02-14,87.3143,88.0862,87.1826,88.0681,1434935
2014-02-18,88.1861,88.642,87.95,88.5131,1450443
2014-02-19,88.3405,88.8845,87.7684,87.7956,1517312
2014-02-20,87.732,88.3496,87.0872,87.8955,1579216
2014-02-21,88.168,88.8673,87.7956,88.2679,1264117
2014-02-24,88.1861,88.8764,87.8955,87.9046,1409663
2014-02-25,87.8501,88.0136,87.4959,87.6685,1268450
2014-02-26,87.5322,87.9137,87.1599,87.2779,1126556
2014-02-27,87.2053,88.0771,87.1508,87.8773,1250189
2014-02-28,88.0953,89.0943,87.9591,88.8854,1780242
2014-03-03,87.841,88.1044,87.0509,87.5686,1376233
2014-03-04,88.4949,88.6402,88.1407,88.5222,1918551
2014-03-05,88.5767,88.9399,88.2406,88.6947,1172352
2014-03-06,88.8037,89.5212,88.5312,89.1397,1331091
2014-03-07,89.4031,89.6937,88.5948,88.7946,1789805
2014-03-10,88.5403,89.1034,88.4313,88.8219,1744393
2014-03-11,89.0943,89.2941,88.2497,88.4041,814413
2014-03-12,88.1498,88.6493,87.7411,88.5585,1149118
2014-03-13,88.9399,88.9399,88.0953,88.5948,2275647
2014-03-14,88.4313,89.0217,88.2951,88.8037,1647925
2014-03-17,89.167,89.8027,88.9218,89.7119,1269897
2014-03-18,89.8481,90.1206,89.5667,90.0933,1440249
2014-03-19,90.1478,90.4294,88.8309,89.1579,1273114
2014-03-20,88.9308,89.5303,88.4767,89.3759,1861784
2014-03-21,89.5666,91.3557,88.999,90.1478,2472590
2014-03-24,90.4112,90.5928,89.5757,89.9753,1793188
2014-03-25,90.2205,90.4203,89.8118,90.0298,1273625
2014-03-26,86.8307,90.5781,86.8307,89.2894,1176184
2014-03-27,89.1797,89.4082,88.7867,89.198,1575294
2014-03-28,89.6367,89.7647,89.1797,89.4722,935381
2014-03-31,90.176,90.5873,90.0389,90.5416,1222440
2014-04-01,90.7609,90.973,90.0115,90.5599,1361592
2014-04-02,90.4776,90.7884,90.0846,90.3222,1694908
2014-04-03,90.5324,90.9255,90.2034,90.4685,1419454
2014-04-04,90.7701,91.0534,89.8972,89.9292,1221435
2014-04-07,89.9749,90.2308,89.1797,89.2163,921976
2014-04-08,89.2346,89.6184,89.1614,89.3808,1052918
2014-04-09,89.655,90.6238,89.2071,90.5964,955143
2014-04-10,90.6696,91.1448,90.112,90.112,1566780
2014-04-11,90.4685,91.3779,89.8744,90.7701,2127247
2014-04-14,91.2454,91.675,90.3222,90.9529,1136463
2014-04-15,90.9438,91.5013,90.5324,91.5013,1675534
2014-04-16,92.3056,92.6621,91.8212,92.6529,1092114
2014-04-17,92.5524,93.2562,92.2142,92.2599,1008639
2014-04-21,92.3148,92.4976,91.9172,92.1411,966462
2014-04-22,92.2416,92.6337,91.9766,92.3513,1223654
2014-04-23,92.3513,93.1374,92.1777,92.7535,1090419
2014-04-24,93.0642,93.3659,92.6895,93.3385,1338766
2014-04-25,93.3385,93.4299,92.6347,92.854,1383126
2014-04-28,93.311,93.7589,92.397,92.7169,1536488
2014-04-29,93.2013,93.8594,92.7626,93.768,1143100
2014-04-30,93.8229,93.832,92.1868,93.5213,1538624
2014-05-01,93.3842,93.9143,93.0368,93.2379,1533097
2014-05-02,93.0185,93.9508,93.0094,93.2836,1052961
2014-05-05,93.1831,93.5761,92.4704,93.4116,784740
2014-05-06,93.2196,93.5761,92.9546,93.1191,1276642
2014-05-07,93.4755,94.4992,93.0917,94.2982,1630420
2014-05-08,94.0697,94.417,93.2927,93.3385,1407452
2014-05-09,93.2105,93.9051,93.0917,93.832,1124452
2014-05-12,94.1976,94.3621,93.896,94.1154,821670
2014-05-13,94.1702,94.5998,93.8503,94.5541,654072
2014-05-14,94.3713,94.5998,93.5944,93.8686,1047565
2014-05-15,93.5304,93.8229,93.0277,93.4938,1083911
2014-05-16,93.3842,93.7315,92.9728,93.6492,795064
2014-05-19,93.3659,94.1702,93.3019,94.024,708048
2014-05-20,94.024,94.1428,93.4299,93.8412,712673
2014-05-21,94.225,94.5358,93.896,94.225,758432
2014-05-22,94.3439,94.5541,94.0148,94.0879,667557
2014-05-23,94.3347,94.3621,93.6584,94.0605,750525
2014-05-27,94.5084,94.7095,94.225,94.4627,808364
2014-05-28,94.4353,94.5998,93.7498,94.2068,965031
2014-05-29,94.4078,94.8283,93.9508,94.6455,856303
2014-05-30,94.682,94.874,94.353,94.7917,1198056
2014-06-02,94.8923,95.1025,94.5449,94.6363,720662
2014-06-03,94.5267,94.6546,93.832,94.0057,890646
2014-06-04,94.0422,95.3218,93.9143,95.203,1014080
2014-06-05,95.4955,95.5503,94.9014,95.5229,1080488
2014-06-06,95.5869,95.9799,95.543,95.8977,1010558
2014-06-09,96.1993,96.1993,95.6417,95.9617,768275
2014-06-10,95.5686,96.0531,95.5686,95.9525,663985
2014-06-11,95.4955,95.7788,95.0202,95.2396,874610
2014-06-12,95.3127,95.6692,94.7552,94.8283,744984
2014-06-13,94.9197,95.1756,94.7277,94.9654,754679
2014-06-16,95.1116,95.1208,94.3987,94.7186,907880
2014-06-17,94.2068,95.5686,94.1245,95.4681,770981
2014-06-18,95.4681,95.9251,94.9471,95.7971,799935
2014-06-19,95.7788,96.5009,95.5961,96.2633,940868
2014-06-20,96.8665,99.2749,95.9068,95.9982,1301663
2014-06-23,96.1445,96.3821,95.7149,95.9982,605207
2014-06-24,95.6874,96.4004,95.395,95.4772,711378
2014-06-25,95.2396,95.5138,94.9197,95.2487,923807
2014-06-26,95.3127,95.3127,94.353,94.5084,805518
2014-06-27,94.4078,94.9014,94.1793,94.4992,1146231
2014-06-30,94.4444,94.9928,94.417,94.7826,797654
2014-07-01,95.2122,96.0165,95.139,95.788,905700
2014-07-02,95.8611,96.2084,95.4041,95.4224,981782
2014-07-03,95.7514,96.1353,95.5321,96.1079,440728
2014-07-07,95.6509,96.2633,95.4224,96.1536,805725
2014-07-08,96.2907,96.2907,95.4132,95.4681,1321956
2014-07-09,95.7697,95.8611,95.2396,95.6692,1042519
2014-07-10,94.481,95.3036,94.481,95.2944,1150697
2014-07-11,95.2579,95.6692,94.8191,95.6052,1156744
2014-07-14,96.1719,96.5695,95.7423,95.7788,1144416
2014-07-15,96.0348,96.2633,95.7971,96.0713,1159250
2014-07-16,96.4004,96.4004,95.5138,95.66,795860
2014-07-17,95.3858,95.9434,94.3896,94.417,836536
2014-07-18,94.3439,95.1573,94.2616,95.1299,1044887
2014-07-21,95.2035,95.4196,94.716,95.2954,1952298
2014-07-22,95.1023,95.1023,94.1825,95.0195,1357228
2014-07-23,95.461,96.8682,95.4334,96.0588,1519903
2014-07-24,96.2244,96.6015,95.8381,96.3807,1221890
2014-07-25,95.9761,96.1876,95.1069,95.1851,985565
2014-07-28,94.9275,95.1759,94.3113,95.0195,1188818
2014-07-29,95.1575,95.3414,94.4309,94.4401,1432001
2014-07-30,94.4585,94.624,93.3732,93.6675,1809822
2014-07-31,93.2996,93.6399,92.0395,92.0671,2102345
2014-08-01,92.1591,92.3154,91.6348,92.0671,2639925
2014-08-04,92.1591,92.3154,91.6348,92.0671,2639925
2014-08-05,91.828,92.3246,91.6072,91.9292,2172865
2014-08-06,91.6532,92.2695,91.4693,92.1039,3316006
2014-08-07,92.4718,92.4718,91.69,91.9567,2287637
2014-08-08,92.0763,92.573,91.736,92.2695,2436653
2014-08-11,92.2971,92.6833,91.92,92.3706,1671899
2014-08-12,92.3798,93.2996,92.2051,93.2076,1480174
2014-08-13,93.6491,94.063,93.2076,94.0078,1472380
2014-08-14,94.2285,95.0195,94.017,94.9919,771044
2014-08-15,95.2587,95.553,94.3205,95.1943,1338233
2014-08-18,95.5254,95.9301,95.4702,95.8473,912896
2014-08-19,96.1416,96.2244,95.8105,95.8657,911600
2014-08-20,95.6541,96.1324,95.3874,96.0036,1426510
2014-08-21,96.1968,97.0154,95.8473,96.8498,855195
2014-08-22,96.6751,97.0982,96.2704,96.3532,964565
2014-08-25,96.7395,97.0062,96.4267,96.8314,707697
2014-08-26,96.9878,97.3906,96.6751,97.1441,567302
2014-08-27,96.9234,97.5396,96.9234,97.4017,644277
2014-08-28,97.089,97.8615,96.9915,97.604,926254
2014-08-29,97.9719,97.9995,97.1533,97.7972,800206
2014-09-02,98.1007,98.4778,97.7144,98.0731,594552
2014-09-03,98.4134,98.6525,97.6592,97.8891,842279
2014-09-04,98.2019,98.5054,97.2913,97.3557,1138830
2014-09-05,97.3281,97.6408,96.9142,97.6132,875460
2014-09-08,97.6776,98.0731,97.3557,97.6224,561997
2014-09-09,97.4293,97.5764,96.7578,97.043,722419
2014-09-10,97.043,97.4477,96.8682,97.2361,757684
2014-09-11,96.813,97.3557,96.7211,96.9786,776607
2014-09-12,96.7395,96.997,96.1876,96.4727,1053279
2014-09-15,96.298,97.4293,96.298,97.1809,1250424
2014-09-16,96.8958,97.9719,96.8958,97.4017,1729613
2014-09-17,97.6316,97.9535,97.2784,97.512,1155921
2014-09-18,97.9259,98.9652,97.7052,98.7721,1246805
2014-09-19,99.1676,99.2872,98.3398,98.4134,1511448
2014-09-22,97.9627,98.5054,97.9627,98.0639,792154
2014-09-23,98.0915,98.0915,96.951,96.9602,1265073
2014-09-24,96.997,98.2294,96.7946,98.0363,1016835
2014-09-25,97.3833,97.7512,96.813,97.0338,1167565
2014-09-26,97.043,98.2091,96.8487,97.9314,1136372
2014-09-29,97.1448,97.4132,96.6266,97.0245,1263174
2014-09-30,96.5618,97.3762,96.3397,97.0523,1583088
2014-10-01,97.2281,97.2559,96.0343,96.0805,1347416
2014-10-02,96.1731,97.2651,95.8029,96.8302,1208076
2014-10-03,96.9505,98.6533,96.9505,98.5052,1700683
2014-10-06,98.9957,99.1253,98.1073,98.2831,1059588
2014-10-07,98.3201,98.3201,97.2929,97.2929,1199601
2014-10-08,97.5335,98.856,97.5335,98.7921,1533798
2014-10-09,98.607,99.1253,97.0708,97.0985,1683915
2014-10-10,97.2744,98.4775,97.08,97.08,1126728
2014-10-13,96.7931,97.7834,95.4142,95.516,2192552
2014-10-14,95.914,97.0597,95.6271,96.4692,1341294
2014-10-15,95.442,95.7381,93.6906,95.4235,2130506
2014-10-16,93.6096,95.6733,93.6096,95.2476,1823635
2014-10-17,95.8307,97.1818,95.8307,96.8117,1540017
2014-10-20,96.5062,97.3206,96.3119,97.2559,1339962
2014-10-21,97.4965,98.7458,97.4317,98.7458,1336870
2014-10-22,99.4492,99.9489,97.8852,97.95,1950195
2014-10-23,98.8847,98.9124,97.2651,97.5428,2040263
2014-10-24,97.5242,98.9772,97.478,98.9309,1184760
2014-10-27,98.5793,100.2173,98.5793,100.1063,1608459
2014-10-28,100.6245,100.9114,100.1618,100.9114,1314850
2014-10-29,100.7541,101.0734,99.7176,100.2914,1243723
2014-10-30,102.3273,102.605,102.1608,102.5124,985782
2014-10-31,101.6425,101.9202,100.9854,101.152,1720536
2014-11-03,101.3093,101.513,100.4209,100.6893,1281824
2014-11-04,100.8004,102.1515,100.7818,101.55,2090759
2014-11-05,102.4569,102.4569,101.2168,102.2626,1327688
2014-11-06,102.2626,102.5402,101.8369,102.4754,781129
2014-11-07,102.3088,102.8178,102.207,102.5495,1007070
2014-11-10,102.6327,103.1973,102.2996,103.1973,1028508
2014-11-11,103.151,103.4101,102.679,102.7438,734994
2014-11-12,102.3273,102.605,102.1608,102.5124,985782
2014-11-13,102.8826,103.0307,102.0715,102.4014,1265571
2014-11-14,102.2903,103.2528,102.1608,102.3736,1670641
2014-11-17,102.2163,102.9381,102.1145,102.8549,1097710
2014-11-18,102.4662,103.4286,102.4662,102.9381,1026245
2014-11-19,102.7068,103.9561,102.5772,103.9469,1949564
2014-11-20,103.1325,104.5114,103.1325,104.2801,1379213
2014-11-21,105.0019,105.2333,103.8821,104.169,1613952
2014-11-24,104.6225,104.9741,104.4004,104.9371,1172848
2014-11-25,105.1222,105.2981,104.4744,105.0852,1691262
2014-11-26,105.3258,105.6035,104.9556,105.5294,1053082
2014-11-28,105.6867,106.4641,105.4646,105.8163,579917
2014-12-01,105.5017,106.6365,105.5017,106.3068,1461228
2014-12-02,106.2698,106.5197,105.9181,106.4086,1403353
2014-12-03,106.2605,107.2137,105.8348,107.0564,1907611
2014-12-04,107.4266,107.7042,106.9176,107.4729,1343691
2014-12-05,107.5932,108.204,107.0009,107.4173,1242718
2014-12-08,107.6672,109.1017,107.4544,108.8148,1502622
2014-12-09,107.8708,108.315,107.0194,107.4081,1281495
2014-12-10,106.714,108.0837,106.2513,106.3068,1577299
2014-12-11,106.7603,107.5562,106.279,106.5104,1463410
2014-12-12,105.8533,106.8083,104.8076,104.8723,1481350
2014-12-15,105.0864,105.8171,103.411,103.8764,2259861
2014-12-16,103.6902,105.254,103.0759,103.0759,1601727
2014-12-17,103.3365,105.0306,103.2248,104.891,2034841
2014-12-18,105.8031,106.6129,105.3936,106.6129,1632926
2014-12-19,106.9294,107.3203,105.2261,106.7619,2491739
2014-12-22,106.7619,107.5623,106.7014,107.3576,1193687
2014-12-23,107.7485,108.4187,107.3436,108.1674,1185538
2014-12-24,108.2325,108.6793,107.6275,107.9998,465811
2014-12-26,108.2232,108.5862,107.8695,108.1674,569729
2014-12-29,108.0277,109.3495,107.9905,108.4094,698297
2014-12-30,108.3349,108.67,107.6275,108.2232,667557
2014-12-31,108.3442,108.5955,106.9201,106.9294,869975
2015-01-02,107.3948,107.7578,105.738,106.5199,855337
2015-01-05,106.7712,106.7712,104.4907,104.7793,1533739
2015-01-06,105.2354,105.3657,103.4017,103.8578,1768670
2015-01-07,104.8072,105.4308,104.1184,105.3377,1570279
2015-01-08,106.101,107.2738,105.9241,107.0411,1348786
2015-01-09,106.6502,107.069,105.375,105.5239,1349012
2015-01-12,105.3564,105.9428,103.8485,104.2487,1211826
2015-01-13,105.3098,106.3244,103.9136,104.407,1615520
2015-01-14,100.0602,103.1225,100.0602,102.2475,1742404
2015-01-15,102.8246,103.5413,102.0055,102.2196,1346401
2015-01-16,102.0707,104.0905,102.0707,104.016,1466795
2015-01-20,104.379,104.5931,102.2382,102.8246,1393221
2015-01-21,102.685,103.3831,101.9683,102.8898,1202773
2015-01-22,103.9509,105.7147,103.0899,105.5798,1840295
2015-01-23,105.6356,105.8404,104.8165,105.0678,1079652
2015-01-26,104.7048,105.3843,104.1929,105.0864,1181943
2015-01-27,104.621,104.6862,103.5879,103.5972,1597360
2015-01-28,104.2766,105.0771,101.6518,101.7356,2009965
2015-01-29,102.0055,102.5779,100.9258,102.5081,1484494
2015-01-30,101.6239,102.0614,100.3952,100.4883,2187934
2015-02-02,100.4325,101.8659,99.8088,101.7449,1725904
2015-02-03,102.4337,103.3738,101.9404,103.3272,1260576
2015-02-04,103.1783,104.5233,102.7874,103.895,1508980
2015-02-05,103.532,105.5146,103.2155,105.2726,1383233
2015-02-06,105.6542,105.9521,104.8817,105.0678,1293888
2015-02-09,104.3139,104.77,103.9788,104.2208,859743
2015-02-10,105.1795,105.1795,103.9043,104.016,1213513
2015-02-11,104.2208,104.9934,103.9416,104.6769,780057
2015-02-12,104.742,105.2354,104.5373,105.1423,812446
2015-02-13,104.6955,105.5984,104.5559,105.2261,609274
2015-02-17,105.7008,106.4361,105.1237,106.0265,1227915
2015-02-18,105.9148,106.101,105.2261,105.8404,865435
2015-02-19,105.6356,106.3709,105.3657,106.0358,767992
2015-02-20,105.7194,106.7898,105.1516,106.5757,1242195
2015-02-23,106.3337,106.4082,105.3191,105.7008,1313148
2015-02-24,105.6077,106.7525,105.4681,106.585,1407220
2015-02-25,106.1475,106.9759,106.1475,106.3244,1170904
2015-02-26,106.2127,106.9294,106.0731,106.8363,1083632
2015-02-27,107.0504,107.1342,106.101,106.1196,1345824
2015-03-02,105.7752,106.7339,105.738,106.4547,1239699
2015-03-03,105.9707,106.5478,105.3471,105.9521,1141648
2015-03-04,105.8776,105.8776,104.5652,104.8072,1285432
2015-03-05,104.8072,105.496,104.6397,105.3564,827017
2015-03-06,105.2633,105.9335,104.0626,104.2301,1476408
2015-03-09,104.3883,105.3377,104.1743,105.0213,797358
2015-03-10,104.016,104.258,102.4616,102.4895,1128083
2015-03-11,102.4895,103.4762,102.4895,103.1504,879332
2015-03-12,103.8019,104.9943,103.6996,104.891,902107
2015-03-13,104.742,104.8723,103.4575,104.0067,1322220
2015-03-16,104.379,106.2592,104.137,106.1103,1266263
2015-03-17,105.496,105.9428,104.9003,105.5146,1248410
2015-03-18,105.4587,107.2831,104.8398,106.8084,1559715
2015-03-19,106.7432,107.0969,105.5704,105.8124,1554400
2015-03-20,105.7659,106.2405,105.5611,105.6821,3764492
2015-03-23,105.9521,106.7619,105.6821,105.6821,2442785
2015-03-24,105.3005,105.8218,104.5652,104.5745,1032564
2015-03-25,104.4535,105.1702,103.8671,103.8671,1171867
2015-03-26,103.169,104.1277,103.169,103.5599,1078182
2015-03-27,103.7753,104.2059,103.4007,103.8314,1225912
2015-03-30,104.3089,105.5354,104.1591,105.0579,961026
2015-03-31,104.1498,104.8707,103.6255,104.3838,1131182
2015-04-01,105.292,105.5354,103.6723,103.9157,1417268
2015-04-02,103.8782,104.4213,103.5693,104.1123,1170537
2015-04-06,103.382,104.6928,103.1199,104.1685,965313
2015-04-07,104.1778,104.7583,104.0468,104.2527,1071901
2015-04-08,104.0749,104.7958,103.8408,104.1498,1346520
2015-04-09,104.1217,104.8332,103.897,104.6366,894152
2015-04-10,104.6647,104.9737,104.3838,104.7677,657180
2015-04-13,104.5336,105.4043,104.5336,104.8051,739202
2015-04-14,104.3745,104.852,103.794,104.7771,1183549
2015-04-15,104.9175,105.4512,104.6366,104.7396,858437
2015-04-16,104.6647,105.4793,104.131,105.2077,1166754
2015-04-17,104.4119,104.5898,102.7641,103.1199,1569990
2015-04-20,103.7284,104.3838,103.7004,104.0749,1043876
2015-04-21,104.131,104.234,101.8752,102.0619,2888194
2015-04-22,101.3784,102.324,100.0115,100.9852,2567900
2015-04-23,100.723,101.6874,100.592,101.4065,1714455
2015-04-24,101.5938,101.8746,101.1163,101.5938,1404411
2015-04-27,101.987,102.0338,100.7886,101.0039,1546197
2015-04-28,100.6107,102.1274,100.6107,101.8278,1315862
2015-04-29,101.6499,101.9308,100.8635,101.1537,1282820
2015-04-30,101.3503,101.8185,99.8991,100.1706,1450161
2015-05-01,100.5358,100.9946,100.1894,100.7699,798132
2015-05-04,100.8167,101.1453,100.4422,100.592,1430232
2015-05-05,100.1332,100.8635,99.9928,100.2549,1265830
2015-05-06,100.5358,100.6481,99.4965,100.1051,1032264
2015-05-07,100.2643,101.0975,99.6838,100.7886,1219092
2015-05-08,101.4908,101.8746,101.1912,101.8466,888767
2015-05-11,101.4814,101.8466,101.0601,101.3784,950878
2015-05-12,100.9009,100.9946,99.8523,100.2268,1870774
2015-05-13,100.2268,100.8541,100.0817,100.3673,1326325
2015-05-14,100.8822,101.7061,100.6575,101.6687,1383641
2015-05-15,101.4814,101.9121,101.0601,101.2567,872986
2015-05-18,101.4065,101.9495,101.2473,101.8091,1162022
2015-05-19,102.0525,102.2117,101.4908,101.9964,973046
2015-05-20,101.9215,102.324,101.472,102.1555,830910
2015-05-21,101.9027,102.2117,101.5938,101.9589,1041648
2015-05-22,101.8466,102.0432,101.5376,101.7342,1552729
2015-05-26,101.3971,101.678,99.8617,99.974,2065045
2015-05-27,100.386,100.6575,100.0021,100.5077,1210959
2015-05-28,100.1519,100.8073,99.8617,100.723,847653
2015-05-29,100.4702,100.6294,99.6557,99.6932,1177524
2015-06-01,100.0115,100.165,99.2531,99.5902,995445
2015-06-02,99.328,99.9459,99.0752,99.5902,910783
2015-06-03,100.0864,100.2268,99.5246,100.0677,1107615
2015-06-04,99.2437,100.077,98.9441,99.0659,1505662
2015-06-05,99.2999,99.7212,97.7645,98.0079,2080954
2015-06-08,97.9423,98.3637,96.6878,96.7158,1444745
2015-06-09,96.6971,97.1559,96.1049,96.9218,2682647
2015-06-10,97.5397,98.8412,97.3993,98.3637,1416756
2015-06-11,98.373,99.5246,98.3075,99.2344,1013137
2015-06-12,98.8599,99.1782,98.3827,98.7569,828089
2015-06-15,97.8206,99.1595,97.6615,98.7101,1433291
2015-06-16,98.6165,99.7306,98.5135,99.5059,1169645
2015-06-17,99.7493,100.0208,98.8882,99.5527,978720
2015-06-18,99.4029,100.9758,99.4029,100.7979,1222707
2015-06-19,100.3766,100.6575,99.1923,99.2531,1364111
2015-06-22,99.6932,99.9272,99.0752,99.3655,877041
2015-06-23,99.7025,100.386,99.1688,99.6276,850152
2015-06-24,99.4076,99.4872,98.5135,98.5228,1409746
2015-06-25,96.6035,97.5585,95.7421,96.2009,6178767
2015-06-26,95.8899,97.9915,93.8166,97.5109,2632942
2015-06-29,96.9643,97.1433,95.6389,95.7486,2367013
2015-06-30,96.7381,96.8135,95.7486,95.824,1777388
2015-07-01,103.4763,104.4564,95.513,96.5873,17647214
2015-07-02,94.9852,99.4899,94.3067,97.7653,5568414
2015-07-06,96.7381,97.803,96.6344,97.3789,2979225
2015-07-07,97.6051,98.5569,96.691,98.4439,3820505
2015-07-08,97.7276,97.9915,96.5308,96.7287,2794847
2015-07-09,98.1611,98.2271,96.9925,97.5297,3004146
2015-07-10,98.6795,98.6795,97.5297,97.8596,2404300
2015-07-13,98.7643,98.9151,97.8596,98.2271,1685450
2015-07-14,97.9444,98.2083,97.2658,97.6617,2703831
2015-07-15,97.5863,98.114,96.7193,97.803,3798949
2015-07-16,98.6983,98.7831,98.0103,98.3496,2759421
2015-07-17,98.4156,98.4156,97.4072,98.1423,1700321
2015-07-20,98.0669,98.3779,97.7653,98.2177,2123869
2015-07-21,98.3119,98.491,97.2658,97.8973,3133780
2015-07-22,100.0177,100.5925,98.7548,100.4512,4582510
2015-07-23,100.3852,100.9507,99.2732,100.3192,3197470
2015-07-24,100.0742,100.9318,99.9611,100.3098,2061536
2015-07-27,100.0083,101.7894,99.9919,100.8376,3007140
2015-07-28,101.2711,101.535,100.7716,101.4219,2554637
2015-07-29,101.3276,102.1758,100.9412,101.7706,1918197
2015-07-30,101.403,102.4774,101.403,102.336,1531934
2015-07-31,103.6365,103.8533,102.3171,102.5056,4031408
2015-08-03,102.4208,104.4376,102.2983,104.3622,2660071
2015-08-04,104.2491,104.7768,103.9192,104.0135,2368581
2015-08-05,104.5318,105.2009,104.136,104.7297,2394727
2015-08-06,104.8711,104.9088,103.3868,103.7967,1951874
2015-08-07,103.6082,103.6742,103.0428,103.5329,1465979
2015-08-10,104.2302,104.6449,103.5234,103.7685,1589848
2015-08-11,102.9109,104.1737,102.9109,103.6459,1799703
2015-08-12,103.024,103.088,101.5962,102.8449,1816537
2015-08-13,101.7046,103.2219,101.4219,102.7035,1516109
2015-08-14,102.9014,103.4009,102.5245,103.3538,1326157
2015-08-17,103.269,104.0842,102.6564,103.6554,1391224
2015-08-18,103.4669,104.1737,103.1795,104.1171,1459561
2015-08-19,103.4198,104.1643,102.7601,103.4103,1917918
2015-08-20,102.5056,102.7884,101.2617,101.3088,2499081
2015-08-21,100.5831,101.0732,98.9716,99.0187,2685334
2015-08-24,94.0334,97.7747,90.4711,95.4847,5703866
2015-08-25,98.3496,98.3496,93.8826,93.9768,3455264
2015-08-26,95.8051,96.3611,93.8355,95.9842,3644379
2015-08-27,96.936,98.0386,95.8145,97.6711,2837108
2015-08-28,97.3978,97.7653,95.8805,96.7946,2426572
2015-08-31,96.4177,96.7193,95.4659,96.2763,2196967
2015-09-01,94.5988,95.202,93.5056,93.9768,3025601
2015-09-02,95.2208,95.2962,93.7648,94.8344,2129982
2015-09-03,95.2491,96.0973,95.1738,95.8145,2136264
2015-09-04,94.6177,94.9287,93.8166,94.3915,2508862
2015-09-08,95.6261,96.2292,94.7873,96.0973,1950392
2015-09-09,96.87,97.313,94.7685,94.9287,1837146
2015-09-10,94.9287,95.6448,94.5517,94.9381,1683281
2015-09-11,94.5706,95.2491,94.4763,95.0512,1591783
2015-09-14,95.2397,95.2397,94.2219,94.4386,1650850
2015-09-15,94.6365,95.7768,94.1936,95.4659,1936553
2015-09-16,95.4941,96.0784,95.3056,95.9465,1405673
2015-09-17,96.0407,96.9454,95.5412,95.7015,2626517
2015-09-18,94.0428,95.3952,93.8543,94.1653,3566823
2015-09-21,94.8344,96.0878,94.4952,95.824,2328035
2015-09-22,94.9004,95.4376,94.5329,95.1643,2647152
2015-09-23,95.0606,96.2667,94.759,95.5035,2540540
2015-09-24,94.7402,95.9088,94.3821,95.7015,1989578
2015-09-25,96.9643,98.2365,96.5213,97.4638,2657563
2015-09-28,96.9515,97.7388,95.1682,95.7089,2657441
2015-09-29,95.6425,96.5531,94.9595,96.3634,2097811
2015-09-30,97.1222,98.2226,96.8851,98.0803,2993313
2015-10-01,97.919,98.0139,95.7468,97.0274,3354318
2015-10-02,95.6899,97.4353,95.1777,97.4353,2019570
2015-10-05,98.1467,99.266,98.0992,98.9624,2184603
2015-10-06,98.27,98.7348,97.6344,97.9759,2078383
2015-10-07,98.564,99.579,98.1562,99.579,2597959
2015-10-08,99.1616,101.1725,98.6494,101.0967,1964199
2015-10-09,100.9354,101.7512,100.7552,100.9923,3162669
2015-10-12,100.3094,101.7512,100.3094,101.514,1144860
2015-10-13,101.0777,101.846,100.6225,100.9734,1443455
2015-10-14,100.8216,101.2484,99.9774,100.1197,1545741
2015-10-15,100.3852,102.1401,100.3852,102.0168,1584750
2015-10-16,103.0033,103.5724,102.3204,103.3447,2542788
2015-10-19,103.1171,103.8949,102.51,103.8759,2175724
2015-10-20,104.0751,105.7066,103.9139,105.3367,3151531
2015-10-21,106.7026,108.6661,105.0711,107.7365,4145688
2015-10-22,108.1254,109.9751,107.8409,109.1878,3526703
2015-10-23,109.3206,109.3206,107.4045,108.9222,2369382
2015-10-26,109.2163,110.2881,108.9507,109.3396,2091018
2015-10-27,108.7894,109.2163,108.2487,108.6851,1873470
2015-10-28,109.1688,109.7475,108.1729,109.3585,1377294
2015-10-29,109.6431,110.0415,108.9602,109.3491,1222390
2015-10-30,109.1119,109.4913,107.6986,107.6986,2405412
2015-11-02,108.059,108.465,107.3951,108.2013,2451367
2015-11-03,108.097,108.1633,107.3571,107.7934,1953574
2015-11-04,107.765,108.0495,106.8639,107.1484,1809464
2015-11-05,107.2243,107.8504,107.2243,107.6891,1755681
2015-11-06,108.6898,108.6898,106.437,107.2148,1777185
2015-11-09,106.9777,107.3571,106.1619,106.7311,1443829
2015-11-10,106.6742,107.746,106.5888,107.7081,1234738
2015-11-11,107.414,107.9547,107.0725,107.5373,1573503
2015-11-12,107.0915,107.3951,105.6824,105.6971,1786195
2015-11-13,105.7541,106.7595,105.6307,106.0955,1734064
2015-11-16,105.9627,107.9073,105.9058,107.9073,1756132
2015-11-17,107.6986,108.5902,107.5468,107.6417,2208306
2015-11-18,107.5753,109.4724,107.5753,109.406,1173092
2015-11-19,108.9886,109.8992,108.9886,109.6241,1547836
2015-11-20,110.0605,110.9806,109.772,110.4873,2155175
2015-11-23,110.6391,110.9047,109.9941,110.07,2702823
2015-11-24,109.3965,110.1364,108.9507,109.6147,2060938
2015-11-25,109.6241,109.7854,108.9699,109.1309,1335146
2015-11-27,109.0835,109.387,108.6393,109.1404,644738
2015-11-30,109.4155,109.719,108.6661,108.9412,2126457
2015-12-01,108.7325,110.2407,108.6471,110.1553,1879738
2015-12-02,109.8803,110.4114,109.2637,109.4439,1956408
2015-12-03,109.9846,109.9846,107.5468,107.9168,2208870
2015-12-04,108.2203,111.9102,108.1349,111.6066,2599459
2015-12-07,111.0565,111.4738,110.6865,111.1039,2654290
2015-12-08,110.5822,110.5822,109.4401,109.9846,2222285
2015-12-09,109.3016,110.3829,108.3626,108.9791,3025031
2015-12-10,109.1973,109.6004,107.8029,108.8274,2482568
2015-12-11,107.6132,109.387,106.9777,107.2623,2390911
2015-12-14,107.6417,109.0835,107.0251,108.2298,3757371
2015-12-15,108.8843,110.383,108.7942,109.8423,2752777
2015-12-16,110.5822,111.36,109.4819,110.8857,2471839
2015-12-17,110.9995,111.1323,109.6052,109.6526,1674680
2015-12-18,109.387,109.7285,107.8409,107.8409,3513513
2015-12-21,108.391,109.5483,107.7081,109.3111,1925078
2015-12-22,109.6526,111.3979,109.5293,111.1987,1625283
2015-12-23,111.4643,112.005,111.2082,111.9102,1360944
2015-12-24,111.6446,112.669,111.5782,112.1094,568555
2015-12-28,111.8722,112.2611,111.4169,112.1758,924209
2015-12-29,112.9293,114.0359,112.3474,113.9691,1624657
2015-12-30,113.8165,114.3364,112.6336,112.7576,1720471
2015-12-31,112.2902,112.605,111.3578,111.4698,1626178
2016-01-04,109.724,110.0961,107.3391,108.4934,3094495
2016-01-05,108.9704,110.0961,108.5316,109.5905,2743308
2016-01-06,108.503,108.5984,107.0625,107.549,2288204
2016-01-07,105.5648,107.7112,105.3263,106.4424,3919573
2016-01-08,107.0339,107.2056,104.6681,104.897,2271549
2016-01-11,105.2118,105.6888,103.9144,105.2118,2454877
2016-01-12,105.9177,107.1865,104.9924,106.9385,2913197
2016-01-13,108.0451,108.4934,104.8875,104.9924,4265188
2016-01-14,105.3549,107.177,104.7539,105.9082,13742962
2016-01-15,105.7079,105.8891,102.1687,104.3437,6885699
2016-01-19,105.851,106.5378,104.0289,105.7651,5347891
2016-01-20,104.9352,106.4615,103.2055,105.5934,6027427
2016-01-21,105.1164,105.9845,103.2085,104.3914,3970803
2016-01-22,104.649,105.8605,104.4391,104.9733,2295971
2016-01-25,104.8875,104.9256,102.8555,103.0273,2984995
2016-01-26,103.5138,104.7062,103.0273,103.5806,2669505
2016-01-27,103.1703,104.8493,102.1384,103.1227,3433244
2016-01-28,103.5519,104.7825,103.4279,104.4773,3314208
2016-01-29,105.1069,107.9592,104.9352,107.8638,4205836
2016-02-01,107.1006,108.4839,106.6809,108.0641,2824849
2016-02-02,106.8908,107.8066,106.7477,107.2914,2199987
2016-02-03,107.9687,107.9974,105.4789,107.6349,2110613
2016-02-04,107.0911,108.1595,106.4424,108.0069,2777296
2016-02-05,107.797,108.1214,106.6332,107.0816,2718444
2016-02-08,106.4901,106.4901,102.97,103.8763,4742968
2016-02-09,101.9016,106.1085,101.9016,105.4885,2312298
2016-02-10,106.6618,107.1006,105.5266,106.5474,2431740
2016-02-11,104.649,106.3375,104.3246,105.7365,2159673
2016-02-12,106.8431,109.0944,106.5569,109.0467,1884240
2016-02-16,109.9339,111.0786,108.7701,110.3441,2931808
2016-02-17,110.8879,111.9658,110.3823,111.527,1864901
2016-02-18,111.527,112.0612,110.4967,111.0023,2208026
2016-02-19,110.3632,111.155,109.7717,110.3441,2102369
2016-02-22,111.4507,112.2616,110.7829,111.6987,1281500
2016-02-23,111.2599,111.3648,110.1724,110.3727,1316790
2016-02-24,109.3043,111.1359,109.3043,110.8306,1312061
2016-02-25,111.3553,112.9866,111.1645,112.9389,2264607
2016-02-26,113.7497,114.3412,112.066,112.0994,1671704
2016-02-29,111.6129,112.2139,110.1628,110.2105,1842704
2016-03-01,110.6589,112.2902,109.9911,112.2902,1833175
2016-03-02,111.7178,112.9961,111.5461,112.9102,1251990
2016-03-03,113.0438,113.0438,111.651,112.4142,1484000
2016-03-04,112.2425,112.2902,110.4967,111.7846,1851711
2016-03-07,111.1454,111.9658,110.2773,111.9467,1866949
2016-03-08,111.0882,112.2997,110.8974,110.926,1273935
2016-03-09,111.6129,112.3856,111.0882,112.3569,1439037
2016-03-10,112.5382,113.3681,111.3171,112.1852,1690387
2016-03-11,113.2823,114.4652,112.5907,114.427,1322690
2016-03-14,113.7879,114.9994,113.33,114.2267,2149865
2016-03-15,112.9102,114.4747,110.1819,113.9978,1479805
2016-03-16,113.5208,114.408,113.2537,113.9501,1719885
2016-03-17,113.9978,115.8961,113.5995,115.4191,1745775
2016-03-18,115.6958,116.8978,115.1616,116.831,3715679
2016-03-21,116.3445,116.6354,115.2761,115.8007,1441598
2016-03-22,115.5336,115.6099,114.4747,114.5892,1678651
2016-03-23,114.5701,114.6941,113.5017,114.0741,1977248
2016-03-24,113.8165,114.4652,113.0343,114.1027,1304410
2016-03-28,114.1027,114.4652,113.4922,113.7343,1305757
2016-03-29,113.7343,114.6265,113.1587,114.569,955659
2016-03-30,115.0391,115.442,114.4922,114.876,1123172
2016-03-31,114.7129,115.135,114.3099,114.3099,1511907
2016-04-01,113.9166,116.1136,113.6384,115.9409,1500738
2016-04-04,118.0036,118.1379,115.4132,115.6915,2243681
2016-04-05,115.1158,115.1254,112.8325,113.1587,1926962
2016-04-06,113.1971,114.473,112.7653,114.3483,1840723
2016-04-07,113.5137,113.9454,112.4679,112.8517,1388417
2016-04-08,113.6959,114.4347,113.3482,113.9838,1456591
2016-04-11,114.0029,115.2118,113.7535,113.7535,2328881
2016-04-12,113.6288,114.8664,113.0915,114.5786,1504321
2016-04-13,115.2501,115.7778,114.3195,115.6147,1529009
2016-04-14,115.5955,116.5357,115.1926,115.4516,1525371
2016-04-15,115.8354,116.4973,115.394,115.6627,1575015
2016-04-18,115.6531,117.0634,115.183,117.0634,1479260
2016-04-19,117.6294,118.1666,116.8331,117.0634,1308421
2016-04-20,117.2648,117.7733,116.5165,117.6102,1565863
2016-04-21,117.0058,117.5622,113.0915,113.2738,3110205
2016-04-22,113.5712,114.5978,113.4273,114.4539,1618416
2016-04-25,114.6457,114.6457,113.4657,114.214,1266562
2016-04-26,114.4634,114.8952,113.7255,113.9358,1347250
2016-04-27,114.0893,114.3195,112.8037,113.5904,1477713
2016-04-28,112.6886,113.5041,112.0746,112.4296,1810911
2016-04-29,112.2473,113.1683,111.9115,113.0723,2016206
2016-05-02,112.7558,114.5738,112.2185,114.1181,1826924
2016-05-03,113.2163,113.8015,112.7845,113.4561,1484806
2016-05-04,112.9093,113.8494,112.1418,113.034,1789595
2016-05-05,114.7704,117.639,114.6265,117.4855,3177423
2016-05-06,116.6604,117.6524,116.0368,117.38,1929745
2016-05-09,116.8523,118.0477,116.5645,117.9076,1243463
2016-05-10,118.2338,120.1909,117.9076,120.1334,1636207
2016-05-11,119.6153,119.9511,118.5504,118.7327,1733611
2016-05-12,118.9917,120.709,118.8862,120.2869,1725429
2016-05-13,119.9031,120.7282,119.5961,120.0374,1510167
2016-05-16,119.836,120.661,119.5769,120.2005,1246136
2016-05-17,120.0087,120.3157,118.6367,119.0205,1348857
2016-05-18,118.7615,120.9393,118.205,120.5171,1637685
2016-05-19,119.8648,119.9703,119.0397,119.7784,954465
2016-05-20,120.4308,121.4861,119.9223,120.6418,1291002
2016-05-23,120.3348,121.0544,119.9223,120.7666,1286495
2016-05-24,121.1215,122.858,120.9249,121.8986,1668808
2016-05-25,122.2536,122.9348,121.7355,122.0042,1761145
2016-05-26,122.4167,122.5702,120.9393,121.2367,1062230
2016-05-27,121.4573,122.1097,121.1503,122.0521,1240618
2016-05-31,122.244,122.4157,120.8817,121.4669,1740382
2016-06-01,120.9872,122.292,120.4212,122.1577,1286152
2016-06-02,122.0809,122.6182,121.5245,122.6182,991096
2016-06-03,122.0809,122.8004,120.7953,122.3783,1188777
2016-06-06,122.3495,122.7237,120.9584,121.6492,1543447
2016-06-07,121.8603,122.196,121.2079,121.2654,1234234
2016-06-08,121.0736,121.9178,120.9968,121.7643,1141136
2016-06-09,121.2654,121.6156,120.8433,121.3614,870766
2016-06-10,120.6227,121.4669,120.2992,120.6898,936067
2016-06-13,120.7186,121.3038,119.2987,119.433,1224620
2016-06-14,119.2795,119.5961,118.8478,119.3275,1415755
2016-06-15,119.8552,120.3444,119.0589,119.2028,1369500
2016-06-16,118.3106,120.2485,118.253,120.2101,1440629
2016-06-17,120.1909,120.1909,118.6943,118.8958,2489474
2016-06-20,119.8743,120.6706,119.5194,119.6345,1311381
2016-06-21,120.2389,120.7186,119.6633,120.3828,1045611
2016-06-22,120.3828,121.3038,119.8935,120.4404,1225042
2016-06-23,121.7835,123.5488,121.2677,123.4145,1944287
2016-06-24,119.1452,120.9327,118.0036,118.9054,2523256
2016-06-27,117.7637,117.9677,116.1615,116.8849,1863131
2016-06-28,118.5734,120.8216,117.7533,120.8216,1761958
2016-06-29,121.7575,123.3206,121.1979,123.2724,1379193
2016-06-30,123.4074,126.1766,123.0408,126.1187,1799723
2016-07-01,126.3985,126.3985,125.2793,125.7424,1074519
2016-07-05,124.7872,125.3758,124.1311,124.4495,1180594
2016-07-06,124.0346,124.9705,123.5715,124.7969,1456580
2016-07-07,124.6811,125.1827,123.3592,124.1118,1410477
2016-07-08,125.5398,125.781,124.3627,125.6652,1112520
2016-07-11,125.0284,125.9837,124.5846,125.3854,1169605
2016-07-12,126.2056,126.2056,124.8258,125.0863,1763599
2016-07-13,125.5591,125.5591,124.8355,124.9512,945218
2016-07-14,126.1863,126.3407,124.903,125.3372,1938478
2016-07-15,125.974,125.974,124.7776,125.0188,1074660
2016-07-18,124.9416,125.4144,124.6232,124.7486,896606
2016-07-19,124.4881,124.6135,123.6216,124.3048,1178719
2016-07-20,124.7969,125.0476,123.7065,123.7837,1021486
2016-07-21,123.832,124.1115,122.761,123.118,1658256
2016-07-22,123.446,124.1021,122.9539,123.9767,939704
2016-07-25,123.9188,124.0924,123.0601,123.446,1039967
2016-07-26,123.7837,124.3048,122.9925,123.7162,1185575
2016-07-27,122.8478,123.5329,122.5776,122.7127,1372049
2016-07-28,122.3171,122.732,121.633,122.0277,1456417
2016-07-29,121.5742,122.0566,120.8409,120.8602,1909049
2016-08-01,119.8856,121.4873,118.3901,120.8698,1969450
2016-08-02,120.6672,120.9154,120.2812,120.6382,1349016
2016-08-03,120.7444,121.5838,120.4453,121.0628,1450711
2016-08-04,121.3523,121.6803,120.754,121.0435,1151493
2016-08-05,122.0373,122.5391,121.2558,122.5391,1767603
2016-08-08,122.7706,123.0022,122.2206,122.6259,1532614
2016-08-09,122.4908,122.6838,122.2592,122.3654,1011217
2016-08-10,122.2592,122.5135,121.7672,121.7864,1079895
2016-08-11,121.8926,122.2592,121.5742,122.1435,883775
2016-08-12,122.0566,122.2689,121.7382,121.8926,881210
2016-08-15,122.0952,122.3509,121.7286,121.9119,1191472
2016-08-16,121.5259,122.0759,121.4005,121.6417,881293
2016-08-17,121.6224,121.8518,121.1014,121.661,1170952
2016-08-18,122.8092,122.9057,121.2751,122.7899,1599176
2016-08-19,122.3557,122.8575,121.5935,122.0373,1126434
2016-08-22,121.6803,121.9987,121.1882,121.8829,810228
2016-08-23,121.6224,122.0373,120.947,120.976,1196856
2016-08-24,120.7444,121.0435,120.5128,120.8602,794766
2016-08-25,120.7637,122.0277,120.6382,121.6321,939315
2016-08-26,121.8733,122.5101,120.8602,121.4873,987615
2016-08-29,121.6707,122.8768,121.6707,122.6162,1033685
2016-08-30,122.6741,122.7996,122.0904,122.7706,1188996
2016-08-31,122.7513,123.0215,122.0566,122.4715,1408274
2016-09-01,122.5005,122.8961,121.5259,122.6355,1219630
2016-09-02,123.0215,123.832,122.7031,123.3206,1087218
2016-09-06,123.1662,123.5811,122.5488,123.5425,1047227
2016-09-07,122.9636,123.6294,122.5873,123.0504,1263770
2016-09-08,122.8961,123.08,121.9891,122.0663,1082685
2016-09-09,121.2944,121.4391,119.9146,119.9146,1720515
2016-09-12,119.6444,122.1435,119.2971,121.8733,1718161
2016-09-13,120.4549,122.1338,120.4549,121.4294,1839732
2016-09-14,121.4487,121.4777,120.0014,120.2716,1258469
2016-09-15,120.0593,121.4005,119.8181,121.0145,1198760
2016-09-16,120.4067,121.0628,119.5286,120.3295,1995221
2016-09-19,120.9953,121.4873,120.3198,120.8891,917651
2016-09-20,121.8829,122.0856,120.7423,120.7637,781123
2016-09-21,121.1207,122.1242,120.8602,122.047,1449844
2016-09-22,122.4715,123.0601,122.2399,122.9732,953442
2016-09-23,121.9794,122.2206,121.0724,121.0724,1477480
2016-09-26,120.4646,120.6768,119.7602,120.0111,1451310
2016-09-27,120.0883,121.4584,119.9049,120.8795,1132431
2016-09-28,121.0833,121.9856,120.7437,121.937,865264
2016-09-29,121.7624,122.0923,120.3266,120.6855,899215
2016-09-30,121.0833,122.3639,120.9765,121.9079,1646157
2016-10-03,121.7042,121.7915,120.1324,120.5108,1033233
2016-10-04,120.8601,121.19,118.9779,119.2981,1585153
2016-10-05,120.016,120.2915,119.0943,119.5018,1189776
2016-10-06,119.5891,119.8181,117.9591,118.2502,2308213
2016-10-07,118.8615,121.3646,118.8615,120.7243,2489654
2016-10-10,121.7042,121.8303,120.9086,121.1609,945230
2016-10-11,120.7631,121.025,119.6764,120.0548,1389571
2016-10-12,120.2974,121.3937,120.0451,121.2094,925952
2016-10-13,120.4332,121.6945,119.7541,121.4907,1211380
2016-10-14,122.2669,122.8588,121.9079,122.102,1403419
2016-10-17,122.1505,122.5483,121.7265,121.937,869599
2016-10-18,122.7229,122.9752,121.5004,121.6072,1491540
2016-10-19,121.9662,122.5483,121.6072,122.2766,915263
2016-10-20,121.8982,121.8982,119.2592,119.366,2238825
2016-10-21,118.3666,118.6286,117.8621,118.2696,2094293
2016-10-24,118.9488,119.5988,118.3957,118.6383,1302155
2016-10-25,118.7256,119.3757,118.2454,118.8032,1508778
2016-10-26,120.6564,123.4021,119.8899,123.2177,3248565
2016-10-27,123.4797,123.926,123.0043,123.2274,2114234
2016-10-28,123.5864,124.7313,122.4804,123.7125,2234528
2016-10-31,124.2268,124.5469,123.1013,123.2177,1615230
2016-11-01,123.4603,123.6446,121.0833,121.7527,1381431
2016-11-02,121.8012,122.2475,120.9668,121.0056,1227161
2016-11-03,121.4131,122.0826,120.5593,120.7437,1146961
2016-11-04,121.1221,121.646,119.4096,119.4436,1565411
2016-11-07,120.8698,121.2385,120.2974,120.7922,1893205
2016-11-08,120.8213,122.0923,120.375,121.646,1846526
2016-11-09,120.9765,122.5774,119.822,122.102,2500413
2016-11-10,122.5968,122.8976,120.6758,122.6938,3074456
2016-11-11,122.4804,123.1983,121.7333,123.0722,1781297
2016-11-14,123.6252,124.12,122.6744,123.1207,1914102
2016-11-15,122.4513,122.5774,121.1027,121.3937,1962939
2016-11-16,120.9086,121.84,120.4041,121.6848,2151413
2016-11-17,121.5101,122.2281,120.7776,121.6072,1263774
2016-11-18,121.8885,122.9558,121.2773,122.5386,1989656
2016-11-21,123.0819,123.4603,122.4028,123.2662,1622202
2016-11-22,123.7902,123.7902,122.296,122.6453,1645668
2016-11-23,122.8782,123.7028,122.199,122.917,1082194
2016-11-25,123.2662,123.339,122.3154,122.8782,534232
2016-11-28,122.4901,123.1692,121.9565,122.9849,1576243
2016-11-29,123.2274,124.7604,122.4513,124.4208,1722887
2016-11-30,125.1,125.7112,123.7417,124.188,2924199
2016-12-01,124.4984,125.2455,123.9066,125.1873,1811290
2016-12-02,124.7507,125.1194,123.9745,124.0133,1663870
2016-12-05,124.4887,125.2358,124.188,124.8865,1399241
2016-12-06,125.1291,126.4098,124.5857,126.2157,2318099
2016-12-07,126.5456,128.2144,126.0508,128.1464,2454502
2016-12-08,128.486,129.0293,127.6332,128.2629,1951468
2016-12-09,128.3793,129.0099,127.574,128.5345,1244563
2016-12-12,128.6413,129.0293,128.0203,128.9032,1438117
2016-12-13,129.4368,129.9025,128.9032,129.2913,1628444
2016-12-14,129.2331,129.398,126.5359,127.9524,1660053
2016-12-15,128.0979,129.6406,127.8069,128.4084,1586045
2016-12-16,128.8062,128.9905,127.8069,128.7577,2739929
2016-12-19,128.9129,129.5145,128.6219,129.2719,951034
2016-12-20,129.6697,129.7861,128.6316,129.0293,1255304
2016-12-21,129.2622,129.5339,128.8838,129.3495,984468
2016-12-22,129.6018,129.7085,128.6122,129.3398,1224024
2016-12-23,129.3495,129.5921,128.7383,129.1458,911227
2016-12-27,129.1361,129.4853,128.5151,128.7286,968434
2016-12-28,129.1771,129.5868,128.8651,128.8943,1005547
2016-12-29,129.0113,129.3624,128.5822,128.9723,953177
2016-12-30,129.382,129.6989,128.5335,128.8553,1351403
2017-01-03,129.46,129.46,127.7825,128.4554,1401146
2017-01-04,128.8455,129.06,127.7727,128.2701,1324381
2017-01-05,128.2311,128.631,126.6219,127.4021,1731384
2017-01-06,127.6362,128.7188,127.4411,128.0848,1595489
2017-01-09,127.841,128.2896,127.129,127.2851,1537582
2017-01-10,127.2363,128.0263,127.0998,127.2363,1134894
2017-01-11,126.7487,127.2168,126.261,127.1388,1545039
2017-01-12,126.6804,126.9925,125.7929,126.5829,1225848
2017-01-13,127.0803,127.5192,126.7584,127.0315,1059711
2017-01-17,126.5146,128.2019,126.1342,127.7532,2000328
2017-01-18,128.0263,128.7968,127.6069,128.709,1868145
2017-01-19,128.8358,129.1284,127.6752,128.0263,1626942
2017-01-20,128.4067,129.2064,127.5094,128.1628,1801749
2017-01-23,128.2896,128.3872,127.7529,128.1824,1010640
2017-01-24,128.5139,129.538,128.2848,128.709,1359810
2017-01-25,129.3234,130.0452,129.2357,129.7818,1294246
2017-01-26,129.7136,130.1037,129.0991,129.7721,1045752
2017-01-27,129.8989,130.0256,129.0699,130.0061,1105591
2017-01-30,129.9671,129.9671,127.958,128.4554,1497304
2017-01-31,127.9093,128.7383,127.3143,128.2409,1521379
2017-02-01,125.6856,126.4853,124.0081,125.3052,3620606
2017-02-02,124.9834,127.7337,124.8371,127.5387,2038742
2017-02-03,128.7383,128.9911,127.7142,128.0361,1487072
2017-02-06,127.8605,128.9821,127.685,128.1824,1056427
2017-02-07,128.7285,128.7285,127.1388,127.5192,1526409
2017-02-08,127.3241,127.9483,126.9535,127.5972,983391
2017-02-09,127.958,128.9431,127.4509,128.6212,919864
2017-02-10,128.9333,129.9184,128.4847,129.4795,868068
2017-02-13,129.6648,130.6498,128.9821,130.5035,1007517
2017-02-14,130.5523,130.8449,129.6843,130.6791,1006210
2017-02-15,130.7279,131.2253,130.2207,131.1375,936791
2017-02-16,130.9814,132.3858,130.7864,132.3761,1421074
2017-02-17,132.0055,132.8832,131.4106,132.8247,1431549
2017-02-21,132.6784,133.4879,131.786,133.3514,1318734
2017-02-22,132.6394,134.5022,132.142,134.3559,1243998
2017-02-23,134.59,135.8579,134.2487,135.575,984862
2017-02-24,135.0581,135.9066,134.3364,134.9899,978205
2017-02-27,134.7851,135.2239,133.7903,134.2096,897887
2017-02-28,133.4879,135.0874,133.3125,134.7558,1463195
2017-03-01,135.6726,137.0819,134.6389,136.9112,1602548
2017-03-02,136.2187,136.8527,134.9704,134.9801,1161760
2017-03-03,134.9314,135.302,134.2389,135.2239,1240892
2017-03-06,134.512,134.9606,134.1609,134.2877,1204575
2017-03-07,133.9073,134.3608,133.5562,134.0146,1133575
2017-03-08,134.4925,134.9606,133.4099,133.5757,1134812
2017-03-09,133.8195,134.4096,133.5757,134.0146,1051767
2017-03-10,134.3949,134.4827,133.7318,134.4047,1074949
2017-03-13,134.2974,134.7851,133.7415,134.1414,1285429
2017-03-14,133.8975,134.4047,133.5952,133.9366,1016415
2017-03-15,134.5217,135.1264,133.8904,134.8436,1421960
2017-03-16,134.9314,135.1752,133.8878,134.3267,1214239
2017-03-17,134.3949,134.6875,133.761,134.6875,2874870
2017-03-20,134.4535,134.4535,133.7025,133.7513,950809
2017-03-21,134.0731,134.4827,132.2883,132.7174,1656934
2017-03-22,132.7174,133.683,132.3566,133.2734,1298204
2017-03-23,133.1466,134.5461,133.0295,133.2831,1546471
2017-03-24,133.2831,133.5464,132.1908,132.6979,942613
2017-03-27,131.6641,133.3124,131.4691,133.2831,1148224
2017-03-28,132.7077,134.9118,132.6004,134.59,1466658
2017-03-29,134.1587,134.2665,133.5412,133.796,1034322
2017-03-30,133.4726,134.5802,133.4093,134.3352,726118
2017-03-31,134.3352,134.345,133.5216,133.551,1709053
2017-04-03,133.6686,133.9235,132.9727,133.5706,1128458
2017-04-04,133.4922,134.7174,133.4922,134.6194,956512
2017-04-05,134.9331,135.3742,133.9725,134.0705,1157395
2017-04-06,134.4626,135.2467,133.698,134.8645,1437113
2017-04-07,134.2273,135.2957,134.2273,134.7468,1010649
2017-04-10,134.7468,135.678,133.9529,135.2467,1004575
2017-04-11,134.6782,135.3349,134.3941,135.0703,917064
2017-04-12,134.3842,134.5214,133.7176,134.3057,1904425
2017-04-13,133.9921,134.443,133.551,134.0117,1124751
2017-04-17,134.345,135.5996,134.0411,135.4526,1017205
2017-04-18,135.0605,135.6388,134.7566,134.7762,1206784
2017-04-19,135.6388,135.6388,133.8549,134.2567,1463496
2017-04-20,133.9921,134.3254,133.1099,134.0705,1714143
2017-04-21,133.8451,134.1881,132.7472,132.7963,2472204
2017-04-24,134.639,134.9233,133.3256,134.0705,2436492
2017-04-25,134.6096,135.0605,134.1391,134.4038,1870428
2017-04-26,135.6486,137.609,135.0703,136.1779,2167537
2017-04-27,136.3445,136.7131,135.5996,135.678,1033206
2017-04-28,135.6682,135.8839,134.3548,134.5312,1489376
2017-05-01,134.5606,135.0605,133.9921,134.1783,1411454
2017-05-02,134.4822,134.6292,133.8745,134.3156,1534975
2017-05-03,134.2665,135.2957,134.1244,134.8351,1241265
2017-05-04,135.2467,135.58,134.7272,135.5604,1457989
2017-05-05,135.776,135.9231,134.5998,135.0213,1474113
2017-05-08,135.1389,135.2173,134.3548,134.5116,772203
2017-05-09,134.2861,134.6101,133.306,133.6196,1045226
2017-05-10,134.0215,135.4379,133.8549,135.2663,2057929
2017-05-11,134.688,134.9723,134.0608,134.492,1395101
2017-05-12,134.1195,134.59,133.8353,134.0313,1009843
2017-05-15,133.9431,134.8743,133.8059,134.6488,1053474
2017-05-16,133.5706,135.0409,133.5706,134.3057,871928
2017-05-17,133.9431,135.5702,133.9333,135.0605,2081459
2017-05-18,134.9037,137.1287,134.8449,135.8152,1798172
2017-05-19,136.0505,136.0799,135.2761,135.7368,1615101
2017-05-22,135.9623,137.1385,135.9574,136.9915,1176270
2017-05-23,136.9915,138.0011,136.864,137.8246,1102964
2017-05-24,137.7952,138.2461,137.5012,138.0795,1003375
2017-05-25,138.6872,140.0399,138.4324,139.932,1001813
2017-05-26,139.8438,140.0399,139.4223,139.4223,980432
2017-05-30,138.8146,139.3569,138.6578,139.0793,844453
2017-05-31,139.1479,140.4221,139.0205,140.3535,1332406
2017-06-01,140.7652,141.9806,140.3731,141.9806,1297190
2017-06-02,141.814,142.4021,141.4905,142.2649,1269958
2017-06-05,142.2747,142.9902,141.9708,142.1767,1091823
2017-06-06,141.7356,142.2845,141.2847,141.3239,1223610
2017-06-07,141.912,142.0395,141.2651,141.4317,1414298
2017-06-08,141.6474,142.5001,141.3925,142.0885,1480613
2017-06-09,142.0689,143.7548,141.814,143.6568,1225875
2017-06-12,143.6666,143.6666,142.3237,142.7942,1937351
2017-06-13,143.0098,143.4215,142.6276,142.8432,1308324
2017-06-14,142.7354,143.9214,142.4315,143.7842,1372804
2017-06-15,143.4705,144.5978,143.1079,144.4801,1225641
2017-06-16,145.0192,145.0192,143.4803,144.6566,2107018
2017-06-19,144.9408,145.3819,144.0783,144.1959,1222852
2017-06-20,144.1959,144.4017,143.9214,144.0194,1392470
2017-06-21,144.2155,144.4997,143.5489,143.7156,1205814
2017-06-22,143.7156,143.7156,142.6668,142.6668,1245538
2017-06-23,142.6472,143.2892,141.6376,141.9806,1967514
2017-06-26,141.961,142.6276,141.4611,142.5197,1249670
2017-06-27,142.3825,142.8138,141.863,141.912,1179880
2017-06-28,142.7296,143.5866,142.7296,143.4487,1160272
2017-06-29,143.823,143.8328,142.1583,142.7986,1345771
2017-06-30,143.5373,143.6949,142.4932,143.2024,1374821
2017-07-03,143.6161,145.1922,143.3354,144.1579,672702
2017-07-05,144.4435,144.6208,143.2024,143.7836,1001300
2017-07-06,143.8624,144.2859,143.1729,143.2615,1212547
2017-07-07,143.7639,144.5913,143.4487,144.3253,1043634
2017-07-10,143.7934,143.9707,143.0941,143.1039,1073310
2017-07-11,143.3009,143.4388,142.0007,142.2863,1127179
2017-07-12,142.6114,142.9462,142.1386,142.2765,1165297
2017-07-13,142.4439,143.163,142.2174,142.6803,987564
2017-07-14,142.306,143.4093,141.7052,143.0054,755582
2017-07-17,143.0054,143.4782,142.5621,143.36,1081441
2017-07-18,143.3305,143.6161,142.5326,143.5176,995833
2017-07-19,143.8525,144.3647,143.3797,144.3549,1028795
2017-07-20,144.6208,144.7981,143.7146,144.4238,1381398
2017-07-21,144.0889,145.2463,144.0889,144.7981,1454697
2017-07-24,144.9754,144.9754,144.3943,144.6898,1117624
2017-07-25,145.3793,146.1575,144.6996,145.1528,2189355
2017-07-26,145.3498,145.7635,141.5377,141.7446,2864649
2017-07-27,141.4491,142.8183,140.5133,140.8384,2491423
2017-07-28,141.2225,143.2369,141.2225,143.1729,2213105
2017-07-31,143.5176,144.542,143.1827,144.2662,1382794
2017-08-01,147.6941,148.029,146.9258,147.5562,843700
2017-08-02,145.9999,146.9947,145.6256,146.6894,1824202
2017-08-03,146.7583,147.8419,146.4431,147.6252,1760098
2017-08-04,147.6941,148.029,146.9258,147.5562,843700
2017-08-07,147.2705,147.7237,146.9849,147.0735,886502
2017-08-08,146.9061,147.2607,146.1476,146.3151,964979
2017-08-09,146.2363,147.1031,145.793,147.0538,872933
2017-08-10,146.4037,146.7977,146.0048,146.1082,1101485
2017-08-11,146.5022,146.5909,144.1086,144.2465,2126617
2017-08-14,144.6307,145.7438,144.5519,145.1922,1300669
2017-08-15,145.596,146.5219,145.5172,145.7536,847534
2017-08-16,146.187,146.7091,145.665,145.8029,904889
2017-08-17,145.5862,145.8029,143.7048,143.7639,910363
2017-08-18,143.0744,144.148,143.0744,143.2615,1054117
2017-08-21,143.3994,143.6024,142.5917,143.1532,1289348
2017-08-22,143.2418,143.3797,142.6803,143.1335,1054599
2017-08-23,142.6311,143.0941,141.784,142.0795,1024521
2017-08-24,138.4842,140.2178,138.4842,139.7647,1242597
2017-08-25,140.6611,141.9908,140.5133,141.4786,1312740
2017-08-28,141.1437,141.1437,138.4842,139.6563,1541145
2017-08-29,138.4842,140.2178,138.4842,139.7647,1242597
2017-08-30,140.3951,140.3951,139.0062,139.0456,1223837
2017-08-31,139.479,139.6169,138.4349,139.3017,1858489
2017-09-01,139.351,140.1488,138.2084,138.3857,1397324
2017-09-05,137.2135,137.8931,134.4948,134.8002,2436722
2017-09-06,135.0464,137.0657,134.2387,135.6473,2861606
2017-09-07,135.3912,135.598,131.8156,132.8597,2786252
2017-09-08,132.4164,140.6118,132.0323,138.7403,4374312
2017-09-11,140.5724,144.6405,140.5724,143.6949,4895214
2017-09-12,143.7048,144.8178,143.0645,144.808,2330213
2017-09-13,144.2268,144.6405,142.0401,142.3848,1809292
2017-09-14,142.4242,142.4242,139.479,140.6512,1711993
2017-09-15,140.6512,141.5082,140.3261,141.3604,2307678
2017-09-18,141.5673,141.9022,140.5281,141.4195,974927
2017-09-19,141.3703,142.4045,140.7596,141.321,1590289
2017-09-20,141.7446,142.1386,140.5626,141.7249,1080696
2017-09-21,141.6559,142.503,140.799,140.8088,944906
2017-09-22,140.6118,140.9467,139.5184,140.4542,1009627
2017-09-25,140.4542,141.2422,139.6957,141.0649,1119155
2017-09-26,140.7202,140.7202,138.76,139.4889,1635078
2017-09-27,140.4049,140.4049,139.479,139.7844,1414821
2017-09-28,140.0616,141.2396,140.0022,140.7644,1796660
2017-09-29,140.309,141.2787,140.22,141.1208,1413249
2017-10-02,141.1208,144.1006,140.9476,144.0314,2225569
2017-10-03,143.9324,143.9324,142.4424,143.2493,1536714
2017-10-04,142.9523,143.6255,142.8434,143.2988,924602
2017-10-05,143.3879,144.8233,142.8731,144.2491,1362680
2017-10-06,144.5263,145.15,143.576,144.6847,1139962
2017-10-09,144.6253,145.1203,143.5463,144.5857,976682
2017-10-10,144.5758,145.8529,144.2095,145.8034,724189
2017-10-11,145.4668,145.9915,144.9768,145.8925,871356
2017-10-12,146.14,146.5558,144.754,145.1104,1117982
2017-10-13,145.1302,147.6943,144.4966,147.3478,1855687
2017-10-16,147.1696,149.2188,147.0508,148.8129,1503052
2017-10-17,148.5555,148.9416,147.5656,148.5753,1250676
2017-10-18,148.2189,149.6643,147.4171,149.595,941377
2017-10-19,149.4366,152.5055,148.6149,152.4362,1561837
2017-10-20,153.5252,153.7331,151.7334,152.456,1737950
2017-10-23,152.6342,153.6836,151.7828,153.6341,854821
2017-10-24,154.04,154.436,152.8421,152.852,1512990
2017-10-25,152.9906,153.7133,151.8521,152.654,1536007
2017-10-26,153.3173,153.8321,152.4956,153.1985,1218626
2017-10-27,152.7035,152.7035,149.9809,151.2186,2419552
2017-10-30,151.1196,152.7629,149.8623,151.3572,1338058
2017-10-31,151.1394,151.9115,149.2584,149.3079,2128614
2017-11-01,149.0208,150.7236,149.001,149.793,1511371
2017-11-02,150.0801,150.5949,146.2984,147.7636,2708702
2017-11-03,147.1597,148.1793,146.2786,146.7835,1822331
2017-11-06,146.2687,147.912,145.7935,147.7042,1472269
2017-11-07,148.3179,149.298,147.6349,148.2981,1345219
2017-11-08,150.1395,150.1395,148.1199,148.5951,1466340
2017-11-09,148.2288,150.1989,147.7537,150.1197,1206725
2017-11-10,149.6346,150.3672,148.5456,149.8326,1016006
2017-11-13,149.6247,150.3078,148.5159,149.8227,1065364
2017-11-14,149.1693,149.5257,147.912,149.1792,1216348
2017-11-15,148.7436,150.2286,147.5309,149.6445,1597537
2017-11-16,149.9613,149.9613,147.3082,147.3676,1244819
2017-11-17,146.7043,147.6646,146.4964,147.1399,966673
2017-11-20,147.0805,147.912,146.3578,147.5062,983255
2017-11-21,148.0011,148.4961,147.4765,147.6844,960641
2017-11-22,147.2686,147.6151,146.4865,146.7637,982159
2017-11-24,147.6052,147.6052,146.5657,147.4369,465154
2017-11-27,147.4369,148.1991,146.6746,147.7636,798175
2017-11-28,148.2585,150.5949,147.5062,150.0504,1119583
2017-11-29,150.7236,151.7977,150.0603,151.1097,1408596
2017-11-30,151.4661,151.9313,149.1,150.585,2256821
2017-12-01,150.387,151.2582,146.7142,150.1197,1556358
2017-12-04,151.8422,151.8422,149.298,149.3079,1311570
2017-12-05,149.9415,149.9415,147.5062,148.6743,1476218
2017-12-06,148.4763,149.793,148.0803,149.3574,1395822
2017-12-07,149.1198,149.4663,147.4072,147.9417,1383400
2017-12-08,147.912,148.605,146.7736,148.5456,1311812
2017-12-11,148.5357,148.7733,147.6349,148.7337,1306392
2017-12-12,148.5456,149.2584,148.1001,148.9911,1216935
2017-12-13,149.2089,149.2089,146.9023,146.9518,1236869
2017-12-14,146.833,147.1597,143.774,144.655,2639861
2017-12-15,145.645,147.9021,145.1896,147.229,2532963
2017-12-18,148.1249,148.5951,145.5955,146.3776,1394799
2017-12-19,146.5063,147.62,145.6252,146.14,1502503
2017-12-20,146.1103,146.6003,144.2689,144.5065,1656967
2017-12-21,145.3282,145.4767,143.3176,143.5562,1621912
2017-12-22,143.8532,144.358,142.8533,143.7443,1322843
2017-12-26,143.4374,144.8035,143.1503,143.8532,744585
2017-12-27,144.1303,144.9124,143.6799,144.7045,1134126
2017-12-28,144.8935,145.8585,144.7841,145.4008,1270945
2017-12-29,145.9181,146.4852,145.2417,145.371,1311145
2018-01-02,145.6595,146.3061,140.6656,141.5609,1986481
2018-01-03,141.1729,143.3913,141.0237,142.6751,2675392
2018-01-04,142.8641,144.5752,142.5955,143.2521,1935542
2018-01-05,143.6102,144.2071,142.0384,143.5107,1629097
2018-01-08,142.8143,142.9934,141.2734,142.7845,1556053
2018-01-09,142.9934,145.4605,142.118,145.0925,2208646
2018-01-10,144.7741,145.0726,144.1971,144.5354,1541601
2018-01-11,144.4757,145.1223,143.1028,143.7495,1428613
2018-01-12,143.9484,145.0626,142.9238,144.8835,1357440
2018-01-16,145.2019,145.4108,143.9285,144.9134,1867848
2018-01-17,145.759,147.0522,145.0228,146.7737,1729098
2018-01-18,146.7836,147.5397,145.6694,146.9229,1327419
2018-01-19,147.2412,147.5297,146.1867,147.4302,1474974
2018-01-22,147.7685,149.0418,147.6193,149.012,1436637
2018-01-23,149.0219,153.3891,148.9722,152.4938,3036061
2018-01-24,152.3645,154.573,151.7776,154.175,2113562
2018-01-25,154.1054,154.4834,152.4888,154.0059,1641686
2018-01-26,154.1551,155.1002,153.4488,154.9908,1311417
2018-01-29,154.6923,155.0007,153.1305,153.3195,1334670
2018-01-30,153.1404,154.7421,152.1357,152.265,2203700
2018-01-31,153.5483,156.6819,153.0459,155.339,3363810
2018-02-01,155.0306,156.0851,153.7771,154.6724,2088052
2018-02-02,154.2447,155.6279,152.3048,152.454,1469096
2018-02-05,152.1954,152.8619,145.8087,146.5847,2327624
2018-02-06,144.2469,146.326,140.7153,145.1223,3348689
2018-02-07,144.8438,148.8628,144.1405,146.7538,3102309
2018-02-08,146.8831,147.2512,139.5812,139.6608,2266041
2018-02-09,140.9242,144.8338,139.3624,143.7694,3508423
2018-02-12,144.227,145.5202,141.74,143.8589,2205831
2018-02-13,143.0133,144.7642,142.6154,144.3662,1387834
2018-02-14,143.7495,146.5946,143.0531,146.525,1989089
2018-02-15,146.9527,147.8083,145.5202,146.3061,1783073
2018-02-16,145.938,147.3308,145.2914,146.2365,1514310
2018-02-20,146.1271,146.8931,143.7893,144.6846,1270533
2018-02-21,144.7741,145.9778,142.9238,142.9735,1581339
2018-02-22,143.2521,144.5304,141.9787,142.3269,1996686
2018-02-23,142.5358,143.262,141.4515,143.262,1386440
2018-02-26,143.4411,145.8845,143.2819,145.3809,1803216
2018-02-27,145.3511,145.8187,143.4411,143.4411,1739360
2018-02-28,143.9285,144.9134,141.0933,141.1829,1315306
2018-03-01,141.2923,142.6054,138.4571,139.0838,1377033
2018-03-02,138.3178,139.2927,136.7759,139.1336,1784650
2018-03-05,138.7854,141.74,138.3875,140.8247,1357036
2018-03-06,141.0138,141.4813,139.6708,141.1928,1176263
2018-03-07,140.0687,140.4069,138.8451,139.9095,1462748
2018-03-08,140.0289,141.5884,139.4917,141.1729,1247739
2018-03-09,141.9887,143.2521,140.4467,143.2521,1568986
2018-03-12,143.4411,144.3265,141.4316,142.3468,1148954
2018-03-13,143.4013,143.5605,141.0336,141.2028,1307383
2018-03-14,141.9588,141.9588,139.4619,140.0289,1353976
2018-03-15,140.3074,141.6703,139.9493,140.3273,1378702
2018-03-16,140.4368,141.7996,139.5016,140.2477,2699502
2018-03-19,140.0786,140.765,138.7456,139.5713,1414882
2018-03-20,140.1184,141.2901,138.9048,140.586,1197173
2018-03-21,140.9441,141.0138,139.4917,139.5315,1068241
2018-03-22,138.9048,139.8946,136.6664,136.9251,1543077
2018-03-23,137.0047,137.4722,133.682,133.871,1939987
2018-03-26,135.3831,136.8455,134.5077,136.3083,1435069
2018-03-27,136.6963,137.9279,135.3334,135.99,1621850
2018-03-28,136.54,138.99,135.52,138.26,1599326
2018-03-29,138.53,138.76,136.74,136.77,1664551
2018-04-02,136.64,137.0,131.14,133.3,3329822
2018-04-03,133.46,135.27,133.1,135.08,1588953
2018-04-04,133.28,136.43,132.31,136.18,1565404
2018-04-05,136.61,137.15,135.41,135.77,1573285
2018-04-06,134.98,136.69,133.42,134.13,1721821
2018-04-09,134.54,136.35,133.53,134.16,1115292
2018-04-10,135.51,136.17,134.51,135.18,1570957
2018-04-11,134.14,135.0,133.54,134.06,1484723
2018-04-12,134.8,135.8,134.14,134.78,1126447
2018-04-13,135.79,135.91,133.39,134.0,1194238
2018-04-16,135.0,136.79,134.41,135.79,1272719
2018-04-17,136.49,137.68,136.0,136.35,1536800
2018-04-18,136.45,136.79,135.19,136.51,1944438
2018-04-19,136.76,137.96,136.18,137.62,1892765
2018-04-20,138.22,138.28,136.49,137.68,1957854
2018-04-23,137.99,138.37,136.82,138.29,1357783
2018-04-24,136.31,138.3,135.0,136.1,2451930
2018-04-25,137.53,139.01,136.68,137.26,2880551
2018-04-26,137.11,137.765,136.14,136.4,1809327
2018-04-27,136.28,137.66,135.5,137.31,1505119
2018-04-30,137.59,138.315,135.67,135.67,1255629
2018-05-01,135.68,136.205,134.4,135.93,1047822
2018-05-02,135.43,135.89,131.9,132.72,1977613
2018-05-03,131.8,132.295,128.82,130.19,2857981
2018-05-04,130.74,133.375,129.19,132.75,1919395
2018-05-07,132.81,133.07,131.87,132.71,1473707
2018-05-08,132.0,133.5,132.0,132.84,1555619
2018-05-09,133.38,134.86,132.85,134.69,1834506
2018-05-10,134.47,135.9,133.69,135.54,1246602
2018-05-11,135.9,136.57,135.25,136.17,1566546
2018-05-14,136.29,136.82,134.82,135.05,1295517
2018-05-15,134.56,136.13,134.0,134.48,1824550
2018-05-16,134.45,135.19,133.82,134.57,1077913
2018-05-17,134.16,135.05,133.93,134.45,1211798
2018-05-18,134.2,134.3,133.31,133.54,1976618
2018-05-21,134.05,134.6093,133.31,133.89,1490150
2018-05-22,133.86,136.01,133.64,135.22,1509605
2018-05-23,134.72,135.33,132.9,133.81,1316225
2018-05-24,133.73,133.85,132.11,133.44,1149103
2018-05-25,132.97,134.065,132.8675,133.48,1094229
2018-05-29,131.98,132.0,129.19,129.92,1844050
2018-05-30,130.57,132.77,130.45,132.31,1257012
2018-05-31,132.76,132.76,130.06,130.69,1972166
